<?xml version="1.0" encoding="UTF-8"?>
<project-private xmlns="http://www.netbeans.org/ns/project-private/1">
    <editor-bookmarks xmlns="http://www.netbeans.org/ns/editor-bookmarks/2" lastBookmarkId="0"/>
    <open-files xmlns="http://www.netbeans.org/ns/projectui-open-files/2">
        <group>
            <file>file:/C:/Users/trgie/OneDrive%20-%20Columbia%20Basin%20College/CS%20141/Final/Project/src/project/BankCustomer.java</file>
            <file>file:/C:/Users/trgie/OneDrive%20-%20Columbia%20Basin%20College/CS%20141/Final/Project/src/project/AccountType.java</file>
            <file>file:/C:/Users/trgie/OneDrive%20-%20Columbia%20Basin%20College/CS%20141/Final/Project/src/project/Project.java</file>
        </group>
    </open-files>
</project-private>
